{
  "mustache" : "http://github.com/tdreyno/mustache-javascriptmvc",
  "steal" : "http://github.com/jupiterjs/steal",
  "jquery" : "http://github.com/jupiterjs/jquerymx",
  "funcunit" : "http://github.com/jupiterjs/funcunit",
  "mxui" : "http://github.com/jupiterjs/mxui",
  "documentjs" : "http://github.com/jupiterjs/documentjs",
  "ss/state_machine" : "http://github.com/secondstory/secondstoryjs-statemachine",
  "ss/router" : "http://github.com/secondstory/secondstoryjs-router",
  "srchr" : "https://github.com/jupiterjs/srchr/tree/master/srchr/",
  "mxutil" : "http://github.com/jupiterjs/mxutil"
}
