{
  "mustache" : "https://github.com/tdreyno/mustache-javascriptmvc",
  "steal" : "https://github.com/jupiterjs/steal",
  "jquery" : "https://github.com/jupiterjs/jquerymx",
  "funcunit" : "https://github.com/jupiterjs/funcunit",
  "mxui" : "https://github.com/jupiterjs/mxui",
  "documentjs" : "https://github.com/jupiterjs/documentjs",
  "ss/state_machine" : "https://github.com/secondstory/secondstoryjs-statemachine",
  "ss/router" : "https://github.com/secondstory/secondstoryjs-router",
  "srchr" : "https://github.com/jupiterjs/srchr/tree/master/srchr/",
  "mxutil" : "http://github.com/jupiterjs/mxutil",
  "jqueryui" : "https://github.com/daffl/jqueryui",
  "todo": "https://github.com/jupiterjs/todo/tree/master/todo/",
  "player": "https://github.com/jupiterjs/playermx/tree/master/player/",
  "contacts": "https://github.com/jupiterjs/contacts/tree/master/contacts/"
}
